{
  "total_fraud_nodes": 161,
  "fraud_components": 80,
  "cycles_detected": 0,
  "cycles": [],
  "top_hubs": [
    [
      "C410033330",
      2
    ],
    [
      "C1499825229",
      1
    ],
    [
      "C1807010830",
      1
    ],
    [
      "C2047521920",
      1
    ],
    [
      "C116289363",
      1
    ],
    [
      "C1726301214",
      1
    ],
    [
      "C175961135",
      1
    ],
    [
      "C395257482",
      1
    ],
    [
      "C1662235713",
      1
    ],
    [
      "C1421965867",
      1
    ]
  ],
  "top_pagerank": [
    [
      "C410033330",
      0.011747
    ],
    [
      "C1807010830",
      0.008049
    ],
    [
      "C116289363",
      0.008049
    ],
    [
      "C1726301214",
      0.008049
    ],
    [
      "C1662235713",
      0.008049
    ],
    [
      "C932583850",
      0.008049
    ],
    [
      "C667346055",
      0.008049
    ],
    [
      "C431687661",
      0.008049
    ],
    [
      "C644345897",
      0.008049
    ],
    [
      "C41792607",
      0.008049
    ]
  ],
  "drain_accounts": {
    "C1305486145": 1,
    "C840083671": 1,
    "C1420196421": 1,
    "C2101527076": 1,
    "C137533655": 1,
    "C1118430673": 1,
    "C1334405552": 1,
    "C467632528": 1,
    "C1364127192": 1,
    "C1635772897": 1
  }
}